backend,mode,repeat,warmup,tick,frames,wall_ms
wan,typed,0,True,0,9,2049.8063238337636
wan,typed,0,True,1,12,596.2287890724838
wan,typed,0,True,2,12,595.0306737795472
wan,typed,0,True,3,12,597.170130815357
wan,typed,0,True,4,12,591.1200600676239
wan,typed,0,True,5,12,600.4189793020487
wan,typed,0,True,6,12,591.2027130834758
wan,typed,0,True,7,12,603.638167027384
wan,typed,0,True,8,12,605.1298570819199
wan,typed,0,True,9,12,608.7414999492466
wan,typed,0,True,10,12,598.7887689843774
wan,typed,0,True,11,12,593.4596951119602
wan,typed,0,True,12,12,601.1932650581002
wan,typed,0,True,13,12,600.2080040052533
wan,typed,0,True,14,12,590.2732280083001
wan,typed,0,True,15,12,595.8964629098773
wan,typed,0,True,16,12,589.8089041002095
wan,typed,0,True,17,12,599.8944812454283
wan,typed,0,True,18,12,603.3853027038276
wan,typed,0,True,19,12,600.415663793683
wan,typed,0,True,20,12,587.9385182633996
wan,typed,0,True,21,12,587.9651107825339
wan,typed,0,True,22,12,590.3780641965568
wan,typed,0,True,23,12,595.5043020658195
wan,typed,0,True,24,12,589.7886632010341
wan,typed,0,True,25,12,588.9788852073252
wan,typed,0,True,26,12,594.8383002541959
wan,typed,0,True,27,12,586.9101760908961
wan,typed,0,True,28,12,596.5421688742936
wan,typed,0,True,29,12,591.4210127666593
wan,typed,0,True,30,12,593.2235480286181
wan,typed,0,True,31,12,586.4275703206658
wan,typed,0,True,32,12,591.5758609771729
wan,typed,0,True,33,12,585.9691151417792
wan,typed,0,True,34,12,589.2494521103799
wan,typed,1,False,0,9,579.3936350382864
wan,typed,1,False,1,12,591.0489079542458
wan,typed,1,False,2,12,605.8765687048435
wan,typed,1,False,3,12,603.3071470446885
wan,typed,1,False,4,12,603.0830778181553
wan,typed,1,False,5,12,597.3383393138647
wan,typed,1,False,6,12,612.9315886646509
wan,typed,1,False,7,12,603.0467529781163
wan,typed,1,False,8,12,596.7521318234503
wan,typed,1,False,9,12,591.4142080582678
wan,typed,1,False,10,12,591.0045630298555
wan,typed,1,False,11,12,591.5921838022768
wan,typed,1,False,12,12,588.4811696596444
wan,typed,1,False,13,12,597.345924936235
wan,typed,1,False,14,12,591.2099308334291
wan,typed,1,False,15,12,593.1383818387985
wan,typed,1,False,16,12,604.7309287823737
wan,typed,1,False,17,12,591.9418460689485
wan,typed,1,False,18,12,603.2806560397148
wan,typed,1,False,19,12,614.8014320060611
wan,typed,1,False,20,12,607.0981882512569
wan,typed,1,False,21,12,613.2198171690106
wan,typed,1,False,22,12,594.8225120082498
wan,typed,1,False,23,12,600.7751179859042
wan,typed,1,False,24,12,615.5277523212135
wan,typed,1,False,25,12,608.3623450249434
wan,typed,1,False,26,12,606.01502424106
wan,typed,1,False,27,12,596.8115129508078
wan,typed,1,False,28,12,602.1852158010006
wan,typed,1,False,29,12,601.7867070622742
wan,typed,1,False,30,12,591.4182970300317
wan,typed,1,False,31,12,607.3400997556746
wan,typed,1,False,32,12,595.3642316162586
wan,typed,1,False,33,12,587.9924930632114
wan,typed,1,False,34,12,596.2138450704515
wan,typed,2,False,0,9,566.96024723351
wan,typed,2,False,1,12,582.1760962717235
wan,typed,2,False,2,12,583.0457820557058
wan,typed,2,False,3,12,587.7090897411108
wan,typed,2,False,4,12,583.4386749193072
wan,typed,2,False,5,12,597.3290670663118
wan,typed,2,False,6,12,587.8463792614639
wan,typed,2,False,7,12,582.8585517592728
wan,typed,2,False,8,12,584.8295767791569
wan,typed,2,False,9,12,584.9096411839128
wan,typed,2,False,10,12,584.5428900793195
wan,typed,2,False,11,12,586.0256417654455
wan,typed,2,False,12,12,592.6206689327955
wan,typed,2,False,13,12,591.958480887115
wan,typed,2,False,14,12,590.3907623142004
wan,typed,2,False,15,12,592.7167250774801
wan,typed,2,False,16,12,586.419764906168
wan,typed,2,False,17,12,583.2288912497461
wan,typed,2,False,18,12,587.2545349411666
wan,typed,2,False,19,12,589.0898536890745
wan,typed,2,False,20,12,594.8035032488406
wan,typed,2,False,21,12,587.5046486034989
wan,typed,2,False,22,12,588.150137104094
wan,typed,2,False,23,12,587.7136727795005
wan,typed,2,False,24,12,598.0163901112974
wan,typed,2,False,25,12,594.1032730042934
wan,typed,2,False,26,12,583.5921033285558
wan,typed,2,False,27,12,602.1907799877226
wan,typed,2,False,28,12,602.0847759209573
wan,typed,2,False,29,12,587.8089456818998
wan,typed,2,False,30,12,588.5027381591499
wan,typed,2,False,31,12,590.5632437206805
wan,typed,2,False,32,12,606.5378519706428
wan,typed,2,False,33,12,589.8293913342059
wan,typed,2,False,34,12,598.3368181623518
wan,typed,3,False,0,9,578.6277009174228
wan,typed,3,False,1,12,579.4817418791354
wan,typed,3,False,2,12,593.5970181599259
wan,typed,3,False,3,12,583.5868702270091
wan,typed,3,False,4,12,591.8307970277965
wan,typed,3,False,5,12,586.2707220949233
wan,typed,3,False,6,12,593.3738285675645
wan,typed,3,False,7,12,597.8816160932183
wan,typed,3,False,8,12,603.4342986531556
wan,typed,3,False,9,12,603.1308649107814
wan,typed,3,False,10,12,585.5069397948682
wan,typed,3,False,11,12,590.2243931777775
wan,typed,3,False,12,12,590.0041563436389
wan,typed,3,False,13,12,586.6765240207314
wan,typed,3,False,14,12,597.5022651255131
wan,typed,3,False,15,12,592.7735869772732
wan,typed,3,False,16,12,597.8904599323869
wan,typed,3,False,17,12,590.3815156780183
wan,typed,3,False,18,12,603.6439696326852
wan,typed,3,False,19,12,585.8494280837476
wan,typed,3,False,20,12,584.718432277441
wan,typed,3,False,21,12,583.2908442243934
wan,typed,3,False,22,12,582.9818830825388
wan,typed,3,False,23,12,605.530294124037
wan,typed,3,False,24,12,585.5928990058601
wan,typed,3,False,25,12,607.9823351465166
wan,typed,3,False,26,12,590.0086858309805
wan,typed,3,False,27,12,586.3719112239778
wan,typed,3,False,28,12,585.8374959789217
wan,typed,3,False,29,12,601.8370250239968
wan,typed,3,False,30,12,592.835552059114
wan,typed,3,False,31,12,590.0840871036053
wan,typed,3,False,32,12,586.3470979966223
wan,typed,3,False,33,12,591.027962975204
wan,typed,3,False,34,12,605.5060378275812
wan,stepwise,0,True,0,9,1852.1775319240987
wan,stepwise,0,True,1,12,596.4531502686441
wan,stepwise,0,True,2,12,592.3582720570266
wan,stepwise,0,True,3,12,604.9804035574198
wan,stepwise,0,True,4,12,605.0718631595373
wan,stepwise,0,True,5,12,611.1117429099977
wan,stepwise,0,True,6,12,591.6228983551264
wan,stepwise,0,True,7,12,618.2212149724364
wan,stepwise,0,True,8,12,604.702876880765
wan,stepwise,0,True,9,12,588.105090893805
wan,stepwise,0,True,10,12,598.4088308177888
wan,stepwise,0,True,11,12,617.6685090176761
wan,stepwise,0,True,12,12,596.3766262866557
wan,stepwise,0,True,13,12,610.7011828571558
wan,stepwise,0,True,14,12,601.2730072252452
wan,stepwise,0,True,15,12,597.0481438562274
wan,stepwise,0,True,16,12,607.8059021383524
wan,stepwise,0,True,17,12,603.3260668627918
wan,stepwise,0,True,18,12,610.0790500640869
wan,stepwise,0,True,19,12,606.5198830328882
wan,stepwise,0,True,20,12,601.5174146741629
wan,stepwise,0,True,21,12,599.1141102276742
wan,stepwise,0,True,22,12,590.2612451463938
wan,stepwise,0,True,23,12,591.1523806862533
wan,stepwise,0,True,24,12,595.1087470166385
wan,stepwise,0,True,25,12,605.6835283525288
wan,stepwise,0,True,26,12,597.4037325941026
wan,stepwise,0,True,27,12,589.3112663179636
wan,stepwise,0,True,28,12,614.419390913099
wan,stepwise,0,True,29,12,595.3266159631312
wan,stepwise,0,True,30,12,592.6539469510317
wan,stepwise,0,True,31,12,592.6841450855136
wan,stepwise,0,True,32,12,597.4110518582165
wan,stepwise,0,True,33,12,616.5631972253323
wan,stepwise,0,True,34,12,597.8735568933189
wan,stepwise,1,False,0,9,595.8688263781369
wan,stepwise,1,False,1,12,596.2868807837367
wan,stepwise,1,False,2,12,588.1104599684477
wan,stepwise,1,False,3,12,589.9799480102956
wan,stepwise,1,False,4,12,594.3188699893653
wan,stepwise,1,False,5,12,591.4746052585542
wan,stepwise,1,False,6,12,602.3292508907616
wan,stepwise,1,False,7,12,591.2581318989396
wan,stepwise,1,False,8,12,594.5259360596538
wan,stepwise,1,False,9,12,586.7890869267285
wan,stepwise,1,False,10,12,595.3731210902333
wan,stepwise,1,False,11,12,594.298455864191
wan,stepwise,1,False,12,12,590.9182261675596
wan,stepwise,1,False,13,12,588.6066248640418
wan,stepwise,1,False,14,12,583.0322518013418
wan,stepwise,1,False,15,12,595.1278391294181
wan,stepwise,1,False,16,12,591.7614442296326
wan,stepwise,1,False,17,12,582.8809277154505
wan,stepwise,1,False,18,12,591.7892791330814
wan,stepwise,1,False,19,12,587.349905166775
wan,stepwise,1,False,20,12,595.1535389758646
wan,stepwise,1,False,21,12,603.8134950213134
wan,stepwise,1,False,22,12,589.2789959907532
wan,stepwise,1,False,23,12,590.2795917354524
wan,stepwise,1,False,24,12,594.5611000061035
wan,stepwise,1,False,25,12,600.3080089576542
wan,stepwise,1,False,26,12,596.0148251615465
wan,stepwise,1,False,27,12,595.3864050097764
wan,stepwise,1,False,28,12,596.2508320808411
wan,stepwise,1,False,29,12,591.4775710552931
wan,stepwise,1,False,30,12,593.7714157626033
wan,stepwise,1,False,31,12,627.0784600637853
wan,stepwise,1,False,32,12,587.7203061245382
wan,stepwise,1,False,33,12,583.5076398216188
wan,stepwise,1,False,34,12,588.3392780087888
wan,stepwise,2,False,0,9,603.9418997243047
wan,stepwise,2,False,1,12,594.6022570133209
wan,stepwise,2,False,2,12,595.9523869678378
wan,stepwise,2,False,3,12,583.7699011899531
wan,stepwise,2,False,4,12,582.4928968213499
wan,stepwise,2,False,5,12,587.1235253289342
wan,stepwise,2,False,6,12,582.2959616780281
wan,stepwise,2,False,7,12,583.307086955756
wan,stepwise,2,False,8,12,582.4276842176914
wan,stepwise,2,False,9,12,584.4382271170616
wan,stepwise,2,False,10,12,611.3121407106519
wan,stepwise,2,False,11,12,586.5203030407429
wan,stepwise,2,False,12,12,580.7548952288926
wan,stepwise,2,False,13,12,579.6894109807909
wan,stepwise,2,False,14,12,582.7489108778536
wan,stepwise,2,False,15,12,587.2274721041322
wan,stepwise,2,False,16,12,579.7194070182741
wan,stepwise,2,False,17,12,581.5972168929875
wan,stepwise,2,False,18,12,582.5694520026445
wan,stepwise,2,False,19,12,588.6278720572591
wan,stepwise,2,False,20,12,589.4412221387029
wan,stepwise,2,False,21,12,599.5473559014499
wan,stepwise,2,False,22,12,855.6435080245137
wan,stepwise,2,False,23,12,595.3630940057337
wan,stepwise,2,False,24,12,595.080987084657
wan,stepwise,2,False,25,12,587.3207566328347
wan,stepwise,2,False,26,12,593.999385368079
wan,stepwise,2,False,27,12,594.5870107971132
wan,stepwise,2,False,28,12,583.816350903362
wan,stepwise,2,False,29,12,603.042155969888
wan,stepwise,2,False,30,12,589.9238171987236
wan,stepwise,2,False,31,12,583.6839978583157
wan,stepwise,2,False,32,12,591.342587955296
wan,stepwise,2,False,33,12,591.4207049645483
wan,stepwise,2,False,34,12,588.3033322170377
wan,stepwise,3,False,0,9,582.7030972577631
wan,stepwise,3,False,1,12,587.8429091535509
wan,stepwise,3,False,2,12,586.7468379437923
wan,stepwise,3,False,3,12,598.0775319039822
wan,stepwise,3,False,4,12,582.9157400876284
wan,stepwise,3,False,5,12,588.8621406629682
wan,stepwise,3,False,6,12,590.2481861412525
wan,stepwise,3,False,7,12,590.9243058413267
wan,stepwise,3,False,8,12,587.8515662625432
wan,stepwise,3,False,9,12,589.3850517459214
wan,stepwise,3,False,10,12,586.785439401865
wan,stepwise,3,False,11,12,584.5026918686926
wan,stepwise,3,False,12,12,588.7501928955317
wan,stepwise,3,False,13,12,595.3251379542053
wan,stepwise,3,False,14,12,580.812409054488
wan,stepwise,3,False,15,12,588.0186888389289
wan,stepwise,3,False,16,12,585.2632410824299
wan,stepwise,3,False,17,12,592.9782302118838
wan,stepwise,3,False,18,12,587.1643489226699
wan,stepwise,3,False,19,12,579.8856560140848
wan,stepwise,3,False,20,12,583.2959958352149
wan,stepwise,3,False,21,12,585.8132201246917
wan,stepwise,3,False,22,12,579.8421408981085
wan,stepwise,3,False,23,12,588.3230101317167
wan,stepwise,3,False,24,12,588.7272688560188
wan,stepwise,3,False,25,12,581.0586339794099
wan,stepwise,3,False,26,12,586.8830000981688
wan,stepwise,3,False,27,12,590.4332152567804
wan,stepwise,3,False,28,12,587.4512786976993
wan,stepwise,3,False,29,12,585.0370172411203
wan,stepwise,3,False,30,12,596.8539919704199
wan,stepwise,3,False,31,12,629.1124457493424
wan,stepwise,3,False,32,12,626.9881459884346
wan,stepwise,3,False,33,12,595.7193979993463
wan,stepwise,3,False,34,12,583.8766363449395
taew2_2,typed,0,True,0,9,3774.556796066463
taew2_2,typed,0,True,1,12,328.7160429172218
taew2_2,typed,0,True,2,12,303.756199311465
taew2_2,typed,0,True,3,12,302.1395308896899
taew2_2,typed,0,True,4,12,319.89176478236914
taew2_2,typed,0,True,5,12,326.3106206431985
taew2_2,typed,0,True,6,12,307.59141501039267
taew2_2,typed,0,True,7,12,313.98367090150714
taew2_2,typed,0,True,8,12,309.8803027532995
taew2_2,typed,0,True,9,12,314.1116281040013
taew2_2,typed,0,True,10,12,299.38310012221336
taew2_2,typed,0,True,11,12,301.33134592324495
taew2_2,typed,0,True,12,12,336.34936483576894
taew2_2,typed,0,True,13,12,318.09635274112225
taew2_2,typed,0,True,14,12,310.944152995944
taew2_2,typed,0,True,15,12,327.2521919570863
taew2_2,typed,0,True,16,12,320.00121008604765
taew2_2,typed,0,True,17,12,314.9834000505507
taew2_2,typed,0,True,18,12,315.00561023131013
taew2_2,typed,0,True,19,12,307.7971930615604
taew2_2,typed,0,True,20,12,309.6588607877493
taew2_2,typed,0,True,21,12,315.3996020555496
taew2_2,typed,0,True,22,12,310.45187590643764
taew2_2,typed,0,True,23,12,326.38905476778746
taew2_2,typed,0,True,24,12,308.4819447249174
taew2_2,typed,0,True,25,12,313.365810085088
taew2_2,typed,0,True,26,12,318.36719205603004
taew2_2,typed,0,True,27,12,315.12824166566133
taew2_2,typed,0,True,28,12,306.37540807947516
taew2_2,typed,0,True,29,12,332.19070034101605
taew2_2,typed,0,True,30,12,310.9578690491617
taew2_2,typed,0,True,31,12,316.09348580241203
taew2_2,typed,0,True,32,12,324.29175497964025
taew2_2,typed,0,True,33,12,313.0884892307222
taew2_2,typed,0,True,34,12,305.4571091197431
taew2_2,typed,1,False,0,9,1421.537194866687
taew2_2,typed,1,False,1,12,312.4716109596193
taew2_2,typed,1,False,2,12,298.313545063138
taew2_2,typed,1,False,3,12,307.1282389573753
taew2_2,typed,1,False,4,12,301.2868487276137
taew2_2,typed,1,False,5,12,297.5032776594162
taew2_2,typed,1,False,6,12,299.61343575268984
taew2_2,typed,1,False,7,12,301.77688878029585
taew2_2,typed,1,False,8,12,298.2130250893533
taew2_2,typed,1,False,9,12,301.88052309677005
taew2_2,typed,1,False,10,12,299.43975107744336
taew2_2,typed,1,False,11,12,303.0086481012404
taew2_2,typed,1,False,12,12,299.9270190484822
taew2_2,typed,1,False,13,12,323.0069959536195
taew2_2,typed,1,False,14,12,305.69794960319996
taew2_2,typed,1,False,15,12,308.7754282169044
taew2_2,typed,1,False,16,12,304.7133320942521
taew2_2,typed,1,False,17,12,304.6742849983275
taew2_2,typed,1,False,18,12,310.9011063352227
taew2_2,typed,1,False,19,12,316.3833199068904
taew2_2,typed,1,False,20,12,324.2469201795757
taew2_2,typed,1,False,21,12,324.162342119962
taew2_2,typed,1,False,22,12,325.10228687897325
taew2_2,typed,1,False,23,12,337.7208150923252
taew2_2,typed,1,False,24,12,316.46340014413
taew2_2,typed,1,False,25,12,338.20651983842254
taew2_2,typed,1,False,26,12,336.63676399737597
taew2_2,typed,1,False,27,12,332.6750290580094
taew2_2,typed,1,False,28,12,307.81190004199743
taew2_2,typed,1,False,29,12,313.3778409101069
taew2_2,typed,1,False,30,12,314.27569873631
taew2_2,typed,1,False,31,12,322.93436396867037
taew2_2,typed,1,False,32,12,311.9166330434382
taew2_2,typed,1,False,33,12,312.7339780330658
taew2_2,typed,1,False,34,12,312.15236568823457
taew2_2,typed,2,False,0,9,1407.2228888981044
taew2_2,typed,2,False,1,12,293.33242680877447
taew2_2,typed,2,False,2,12,292.8624199703336
taew2_2,typed,2,False,3,12,294.899916741997
taew2_2,typed,2,False,4,12,295.69160705432296
taew2_2,typed,2,False,5,12,290.00295558944345
taew2_2,typed,2,False,6,12,319.1313319839537
taew2_2,typed,2,False,7,12,299.28144067525864
taew2_2,typed,2,False,8,12,291.18745401501656
taew2_2,typed,2,False,9,12,294.13742711767554
taew2_2,typed,2,False,10,12,299.8431050218642
taew2_2,typed,2,False,11,12,301.3222673907876
taew2_2,typed,2,False,12,12,302.5656449608505
taew2_2,typed,2,False,13,12,294.28094904869795
taew2_2,typed,2,False,14,12,294.1430429928005
taew2_2,typed,2,False,15,12,296.16211680695415
taew2_2,typed,2,False,16,12,294.1182437352836
taew2_2,typed,2,False,17,12,296.686016023159
taew2_2,typed,2,False,18,12,311.99861504137516
taew2_2,typed,2,False,19,12,302.2750550881028
taew2_2,typed,2,False,20,12,312.7513346262276
taew2_2,typed,2,False,21,12,303.568460047245
taew2_2,typed,2,False,22,12,302.78647784143686
taew2_2,typed,2,False,23,12,307.4736478738487
taew2_2,typed,2,False,24,12,315.96376607194543
taew2_2,typed,2,False,25,12,311.6034930571914
taew2_2,typed,2,False,26,12,301.00208008661866
taew2_2,typed,2,False,27,12,295.50047498196363
taew2_2,typed,2,False,28,12,295.98251916468143
taew2_2,typed,2,False,29,12,298.1276446953416
taew2_2,typed,2,False,30,12,303.40055376291275
taew2_2,typed,2,False,31,12,301.2356008403003
taew2_2,typed,2,False,32,12,303.8397920317948
taew2_2,typed,2,False,33,12,297.40223940461874
taew2_2,typed,2,False,34,12,296.56879091635346
taew2_2,typed,3,False,0,9,889.175811316818
taew2_2,typed,3,False,1,12,300.7680829614401
taew2_2,typed,3,False,2,12,477.094663772732
taew2_2,typed,3,False,3,12,311.7100838571787
taew2_2,typed,3,False,4,12,307.74929001927376
taew2_2,typed,3,False,5,12,293.5071480460465
taew2_2,typed,3,False,6,12,289.0237048268318
taew2_2,typed,3,False,7,12,290.86697893217206
taew2_2,typed,3,False,8,12,297.40568017587066
taew2_2,typed,3,False,9,12,293.3465321548283
taew2_2,typed,3,False,10,12,291.08088882640004
taew2_2,typed,3,False,11,12,293.5653799213469
taew2_2,typed,3,False,12,12,330.43347485363483
taew2_2,typed,3,False,13,12,320.25851821526885
taew2_2,typed,3,False,14,12,301.9247311167419
taew2_2,typed,3,False,15,12,304.09225495532155
taew2_2,typed,3,False,16,12,304.8546020872891
taew2_2,typed,3,False,17,12,322.98242673277855
taew2_2,typed,3,False,18,12,327.93500320985913
taew2_2,typed,3,False,19,12,315.8154431730509
taew2_2,typed,3,False,20,12,302.04501980915666
taew2_2,typed,3,False,21,12,306.19261506944895
taew2_2,typed,3,False,22,12,310.8849977143109
taew2_2,typed,3,False,23,12,307.14381532743573
taew2_2,typed,3,False,24,12,304.46484172716737
taew2_2,typed,3,False,25,12,301.4594940468669
taew2_2,typed,3,False,26,12,305.35121075809
taew2_2,typed,3,False,27,12,301.1911087669432
taew2_2,typed,3,False,28,12,310.77836686745286
taew2_2,typed,3,False,29,12,312.00937693938613
taew2_2,typed,3,False,30,12,297.2358246333897
taew2_2,typed,3,False,31,12,313.1522499024868
taew2_2,typed,3,False,32,12,311.94958789274096
taew2_2,typed,3,False,33,12,296.8793245963752
taew2_2,typed,3,False,34,12,298.19525871425867
taew2_2,stepwise,0,True,0,9,3316.616849973798
taew2_2,stepwise,0,True,1,12,296.76306899636984
taew2_2,stepwise,0,True,2,12,295.2330708503723
taew2_2,stepwise,0,True,3,12,289.89037219434977
taew2_2,stepwise,0,True,4,12,297.5972290150821
taew2_2,stepwise,0,True,5,12,295.3515248373151
taew2_2,stepwise,0,True,6,12,300.3124641254544
taew2_2,stepwise,0,True,7,12,295.74116598814726
taew2_2,stepwise,0,True,8,12,302.70524276420474
taew2_2,stepwise,0,True,9,12,304.31368201971054
taew2_2,stepwise,0,True,10,12,300.5830319598317
taew2_2,stepwise,0,True,11,12,299.36281125992537
taew2_2,stepwise,0,True,12,12,551.1258258484304
taew2_2,stepwise,0,True,13,12,303.81538113579154
taew2_2,stepwise,0,True,14,12,298.68828784674406
taew2_2,stepwise,0,True,15,12,307.0730399340391
taew2_2,stepwise,0,True,16,12,314.6395953372121
taew2_2,stepwise,0,True,17,12,316.57851999625564
taew2_2,stepwise,0,True,18,12,309.29813301190734
taew2_2,stepwise,0,True,19,12,307.3359336704016
taew2_2,stepwise,0,True,20,12,304.24232920631766
taew2_2,stepwise,0,True,21,12,307.31681594625115
taew2_2,stepwise,0,True,22,12,293.6474671587348
taew2_2,stepwise,0,True,23,12,300.8459717966616
taew2_2,stepwise,0,True,24,12,299.0366951562464
taew2_2,stepwise,0,True,25,12,307.4899041093886
taew2_2,stepwise,0,True,26,12,306.7349069751799
taew2_2,stepwise,0,True,27,12,298.45782183110714
taew2_2,stepwise,0,True,28,12,295.09853990748525
taew2_2,stepwise,0,True,29,12,303.53127187117934
taew2_2,stepwise,0,True,30,12,298.94746001809835
taew2_2,stepwise,0,True,31,12,301.552657969296
taew2_2,stepwise,0,True,32,12,298.12157107517123
taew2_2,stepwise,0,True,33,12,319.1629331558943
taew2_2,stepwise,0,True,34,12,314.08919394016266
taew2_2,stepwise,1,False,0,9,1299.501596018672
taew2_2,stepwise,1,False,1,12,286.7824248969555
taew2_2,stepwise,1,False,2,12,290.6758110038936
taew2_2,stepwise,1,False,3,12,293.22053818032146
taew2_2,stepwise,1,False,4,12,290.1517851278186
taew2_2,stepwise,1,False,5,12,299.83737086877227
taew2_2,stepwise,1,False,6,12,319.0928087569773
taew2_2,stepwise,1,False,7,12,291.90684435889125
taew2_2,stepwise,1,False,8,12,308.2021428272128
taew2_2,stepwise,1,False,9,12,296.82352114468813
taew2_2,stepwise,1,False,10,12,314.55338886007667
taew2_2,stepwise,1,False,11,12,307.6276439242065
taew2_2,stepwise,1,False,12,12,311.630389187485
taew2_2,stepwise,1,False,13,12,296.5503307059407
taew2_2,stepwise,1,False,14,12,309.5133602619171
taew2_2,stepwise,1,False,15,12,296.3971379213035
taew2_2,stepwise,1,False,16,12,293.79066079854965
taew2_2,stepwise,1,False,17,12,295.5821449868381
taew2_2,stepwise,1,False,18,12,295.65897304564714
taew2_2,stepwise,1,False,19,12,304.50554098933935
taew2_2,stepwise,1,False,20,12,308.11330303549767
taew2_2,stepwise,1,False,21,12,303.6997811868787
taew2_2,stepwise,1,False,22,12,303.053752053529
taew2_2,stepwise,1,False,23,12,299.9165579676628
taew2_2,stepwise,1,False,24,12,297.53871774300933
taew2_2,stepwise,1,False,25,12,306.9747840054333
taew2_2,stepwise,1,False,26,12,302.8840203769505
taew2_2,stepwise,1,False,27,12,300.4861939698458
taew2_2,stepwise,1,False,28,12,304.10031182691455
taew2_2,stepwise,1,False,29,12,297.14633291587234
taew2_2,stepwise,1,False,30,12,313.91084706410766
taew2_2,stepwise,1,False,31,12,314.91931807249784
taew2_2,stepwise,1,False,32,12,304.9187851138413
taew2_2,stepwise,1,False,33,12,298.12611173838377
taew2_2,stepwise,1,False,34,12,296.61630699411035
taew2_2,stepwise,2,False,0,9,1001.7850999720395
taew2_2,stepwise,2,False,1,12,293.43900782987475
taew2_2,stepwise,2,False,2,12,290.8802581951022
taew2_2,stepwise,2,False,3,12,295.1849061064422
taew2_2,stepwise,2,False,4,12,335.5141207575798
taew2_2,stepwise,2,False,5,12,323.11599189415574
taew2_2,stepwise,2,False,6,12,283.66147400811315
taew2_2,stepwise,2,False,7,12,281.7526329308748
taew2_2,stepwise,2,False,8,12,288.5754592716694
taew2_2,stepwise,2,False,9,12,278.69177609682083
taew2_2,stepwise,2,False,10,12,304.2109487578273
taew2_2,stepwise,2,False,11,12,299.98881416395307
taew2_2,stepwise,2,False,12,12,303.256930783391
taew2_2,stepwise,2,False,13,12,298.83471317589283
taew2_2,stepwise,2,False,14,12,312.50381376594305
taew2_2,stepwise,2,False,15,12,304.51404210180044
taew2_2,stepwise,2,False,16,12,310.37067994475365
taew2_2,stepwise,2,False,17,12,306.47428799420595
taew2_2,stepwise,2,False,18,12,299.57089107483625
taew2_2,stepwise,2,False,19,12,295.2438918873668
taew2_2,stepwise,2,False,20,12,303.9012923836708
taew2_2,stepwise,2,False,21,12,299.41529501229525
taew2_2,stepwise,2,False,22,12,301.50548787787557
taew2_2,stepwise,2,False,23,12,294.3590017966926
taew2_2,stepwise,2,False,24,12,300.4632731899619
taew2_2,stepwise,2,False,25,12,306.9107341580093
taew2_2,stepwise,2,False,26,12,298.94198663532734
taew2_2,stepwise,2,False,27,12,302.5644929148257
taew2_2,stepwise,2,False,28,12,297.80612140893936
taew2_2,stepwise,2,False,29,12,293.64995565265417
taew2_2,stepwise,2,False,30,12,309.4299202784896
taew2_2,stepwise,2,False,31,12,296.7550898902118
taew2_2,stepwise,2,False,32,12,298.959095031023
taew2_2,stepwise,2,False,33,12,300.02201814204454
taew2_2,stepwise,2,False,34,12,299.3526579812169
taew2_2,stepwise,3,False,0,9,939.2781439237297
taew2_2,stepwise,3,False,1,12,291.60134168341756
taew2_2,stepwise,3,False,2,12,309.73786441609263
taew2_2,stepwise,3,False,3,12,292.5350987352431
taew2_2,stepwise,3,False,4,12,354.30466989055276
taew2_2,stepwise,3,False,5,12,291.7275531217456
taew2_2,stepwise,3,False,6,12,290.62594985589385
taew2_2,stepwise,3,False,7,12,284.0264020487666
taew2_2,stepwise,3,False,8,12,281.28386894240975
taew2_2,stepwise,3,False,9,12,297.57065000012517
taew2_2,stepwise,3,False,10,12,276.61437122151256
taew2_2,stepwise,3,False,11,12,289.1808650456369
taew2_2,stepwise,3,False,12,12,296.8432670459151
taew2_2,stepwise,3,False,13,12,284.9051430821419
taew2_2,stepwise,3,False,14,12,283.93576899543405
taew2_2,stepwise,3,False,15,12,290.2007820084691
taew2_2,stepwise,3,False,16,12,293.99047465994954
taew2_2,stepwise,3,False,17,12,292.9123449139297
taew2_2,stepwise,3,False,18,12,280.4471510462463
taew2_2,stepwise,3,False,19,12,295.8612283691764
taew2_2,stepwise,3,False,20,12,285.61241878196597
taew2_2,stepwise,3,False,21,12,290.0038920342922
taew2_2,stepwise,3,False,22,12,304.3680367991328
taew2_2,stepwise,3,False,23,12,298.46565425395966
taew2_2,stepwise,3,False,24,12,296.22975178062916
taew2_2,stepwise,3,False,25,12,297.45246609672904
taew2_2,stepwise,3,False,26,12,303.66005888208747
taew2_2,stepwise,3,False,27,12,287.8472600132227
taew2_2,stepwise,3,False,28,12,285.3713952936232
taew2_2,stepwise,3,False,29,12,289.9715658277273
taew2_2,stepwise,3,False,30,12,283.6909699253738
taew2_2,stepwise,3,False,31,12,333.4535900503397
taew2_2,stepwise,3,False,32,12,291.00616928189993
taew2_2,stepwise,3,False,33,12,287.0917646214366
taew2_2,stepwise,3,False,34,12,287.9292983561754
